{
  "timestamp": "2026-02-16T18:37:21.912Z",
  "duration": 0.5603851999999999,
  "numPeers": 16,
  "peers": [
    {
      "peerId": "peer_00",
      "tradesCompleted": 10,
      "tradeFailed": 0,
      "ritualsCompleted": 5,
      "epochShiftsSynced": 0,
      "latencies": [
        39.22090000000003,
        55.24459999999999,
        56.3608999999999,
        69.71450000000004,
        70.63359999999989,
        86.93979999999988,
        87.11109999999985,
        86.77970000000005,
        102.13059999999996,
        102.33900000000017,
        101.60840000000007,
        102.3578,
        102.42560000000003,
        102.60179999999991,
        117.30960000000005,
        132.69939999999997,
        147.58349999999996
      ],
      "itemsDuplicated": 0,
      "consensusFailures": 0
    },
    {
      "peerId": "peer_01",
      "tradesCompleted": 10,
      "tradeFailed": 0,
      "ritualsCompleted": 5,
      "epochShiftsSynced": 0,
      "latencies": [
        7.097500000000082,
        54.6871000000001,
        54.36779999999999,
        55.905899999999974,
        56.28670000000011,
        86.25009999999997,
        86.80849999999987,
        86.87270000000012,
        87.05840000000012,
        86.5945999999999,
        87.14689999999996,
        86.67679999999996,
        86.70640000000003,
        87.2007000000001,
        102.04369999999994,
        117.09260000000017,
        117.13519999999994
      ],
      "itemsDuplicated": 0,
      "consensusFailures": 0
    },
    {
      "peerId": "peer_02",
      "tradesCompleted": 10,
      "tradeFailed": 0,
      "ritualsCompleted": 5,
      "epochShiftsSynced": 0,
      "latencies": [
        38.66319999999996,
        39.58330000000001,
        70.32600000000002,
        70.3868,
        70.3936000000001,
        71.0779,
        86.6579999999999,
        86.2693999999999,
        85.94799999999987,
        87.10799999999995,
        87.11830000000009,
        87.12580000000003,
        87.16669999999999,
        87.22510000000011,
        87.25600000000009,
        101.97839999999997,
        117.10239999999999
      ],
      "itemsDuplicated": 0,
      "consensusFailures": 0
    },
    {
      "peerId": "peer_03",
      "tradesCompleted": 10,
      "tradeFailed": 0,
      "ritualsCompleted": 5,
      "epochShiftsSynced": 1,
      "latencies": [
        39.660500000000184,
        69.80209999999988,
        70.67360000000008,
        86.92780000000016,
        86.96219999999994,
        86.53039999999987,
        87.0619999999999,
        86.71460000000002,
        101.9094,
        101.9556,
        101.11449999999991,
        101.48090000000002,
        102.08629999999994,
        101.58119999999985,
        102.11249999999995,
        117.06510000000003,
        117.07280000000014,
        542.6397999999999
      ],
      "itemsDuplicated": 0,
      "consensusFailures": 0
    },
    {
      "peerId": "peer_04",
      "tradesCompleted": 10,
      "tradeFailed": 0,
      "ritualsCompleted": 5,
      "epochShiftsSynced": 0,
      "latencies": [
        39.09069999999997,
        54.178899999999885,
        55.14700000000016,
        70.14700000000016,
        86.92010000000005,
        87.0154,
        87.0467000000001,
        87.0601999999999,
        87.1128000000001,
        101.92809999999986,
        102.00770000000011,
        116.35390000000007,
        116.53899999999999,
        117.04140000000007,
        116.5793000000001,
        116.5768999999998,
        132.4652000000001
      ],
      "itemsDuplicated": 0,
      "consensusFailures": 0
    },
    {
      "peerId": "peer_05",
      "tradesCompleted": 10,
      "tradeFailed": 0,
      "ritualsCompleted": 5,
      "epochShiftsSynced": 0,
      "latencies": [
        70.67899999999986,
        70.90159999999992,
        70.53109999999992,
        86.71579999999994,
        86.78229999999985,
        86.9511,
        86.63089999999988,
        87.12980000000016,
        87.1857,
        101.3427999999999,
        101.85889999999995,
        102.07259999999997,
        101.57089999999994,
        116.96720000000005,
        116.49620000000004,
        147.60600000000022,
        163.56039999999985
      ],
      "itemsDuplicated": 0,
      "consensusFailures": 0
    },
    {
      "peerId": "peer_06",
      "tradesCompleted": 10,
      "tradeFailed": 0,
      "ritualsCompleted": 5,
      "epochShiftsSynced": 0,
      "latencies": [
        7.109699999999975,
        54.205799999999954,
        70.65020000000004,
        70.41709999999989,
        86.5752,
        86.67910000000006,
        86.78279999999995,
        86.89159999999993,
        86.69129999999996,
        101.81319999999982,
        101.36200000000008,
        101.38210000000004,
        101.95010000000002,
        101.95530000000008,
        101.97759999999994,
        101.58140000000003,
        116.97759999999994
      ],
      "itemsDuplicated": 0,
      "consensusFailures": 0
    },
    {
      "peerId": "peer_07",
      "tradesCompleted": 10,
      "tradeFailed": 0,
      "ritualsCompleted": 5,
      "epochShiftsSynced": 0,
      "latencies": [
        23.02080000000001,
        70.31259999999997,
        70.72890000000007,
        86.23980000000006,
        86.8710000000001,
        86.95979999999986,
        86.50780000000009,
        87.00389999999993,
        86.61920000000009,
        101.75819999999999,
        101.77400000000011,
        101.00450000000001,
        101.89480000000003,
        102.07040000000006,
        101.59100000000012,
        116.81909999999993,
        116.53509999999983
      ],
      "itemsDuplicated": 0,
      "consensusFailures": 0
    },
    {
      "peerId": "peer_08",
      "tradesCompleted": 10,
      "tradeFailed": 0,
      "ritualsCompleted": 5,
      "epochShiftsSynced": 1,
      "latencies": [
        55.69839999999999,
        70.66269999999986,
        70.66110000000003,
        70.23129999999992,
        70.36969999999997,
        86.95659999999998,
        86.49150000000009,
        87.0130999999999,
        87.13710000000015,
        101.8759,
        101.98069999999984,
        101.98689999999988,
        101.54860000000008,
        115.96090000000004,
        116.33879999999999,
        116.11950000000002,
        117.00630000000001,
        558.1456000000001
      ],
      "itemsDuplicated": 0,
      "consensusFailures": 0
    },
    {
      "peerId": "peer_09",
      "tradesCompleted": 10,
      "tradeFailed": 0,
      "ritualsCompleted": 5,
      "epochShiftsSynced": 0,
      "latencies": [
        39.90110000000004,
        70.44540000000006,
        69.75999999999999,
        70.08339999999998,
        70.19759999999997,
        70.88179999999988,
        70.93589999999995,
        86.64279999999985,
        86.83819999999992,
        86.95399999999995,
        87.03790000000004,
        87.11289999999985,
        101.04160000000002,
        101.36400000000003,
        101.40679999999998,
        102.00649999999996,
        131.8834999999999
      ],
      "itemsDuplicated": 0,
      "consensusFailures": 0
    },
    {
      "peerId": "peer_10",
      "tradesCompleted": 10,
      "tradeFailed": 0,
      "ritualsCompleted": 5,
      "epochShiftsSynced": 1,
      "latencies": [
        55.341699999999946,
        69.80049999999983,
        86.49660000000017,
        86.74049999999988,
        86.83919999999989,
        86.90550000000007,
        86.90740000000005,
        86.94709999999986,
        86.61349999999993,
        101.2648999999999,
        101.3288,
        101.83989999999994,
        101.85309999999981,
        101.90980000000013,
        115.96230000000014,
        131.76670000000013,
        132.35580000000004,
        527.1108999999999
      ],
      "itemsDuplicated": 0,
      "consensusFailures": 0
    },
    {
      "peerId": "peer_11",
      "tradesCompleted": 10,
      "tradeFailed": 0,
      "ritualsCompleted": 5,
      "epochShiftsSynced": 0,